date,symbol,close,high,low,open,volume,PayoutRatio,SustainableGrowthRate,CashReturn,SalesPerShare,BookValuePerShare,CFOPerShare,FCFPerShare,EarningYield,PERatio,SalesYield,PSRatio,BookValueYield,PBRatio,CFYield,PCFRatio,FCFYield,FCFRatio,ForwardEarningYield,ForwardPERatio,PEGRatio,PEGPayback,ForwardDividend,WorkingCapitalPerShare,BuyBackYield,TotalYield,NormalizedPERatio,PricetoEBITDA,ForwardROE,ForwardROA,TotalAssetPerShare,ExpectedDividendGrowthRate,EVtoRevenue,EVtoPreTaxIncome,EVtoTotalAssets,EVtoFCF,EVtoEBIT,FFOPerShare,PricetoCashRatio,EVToForwardEBITDA,EVToForwardRevenue,EVToForwardEBIT
1/7/2020,AAPL,298.262843,298.441932,291.268422,292.303158,26861480,0.2523,0.4181,0.0478,55.9645,20.636,14.9263,12.6688,0.0405,24.697225,0.1906,5.247078,0.0703,14.229989,0.0508,19.673348,0.0431,23.17905,0.0451,22.1729,2.0292,10.8661,3.08,13.022,0.0513,0.0617,24.697225,16.676683,0.6501,0.1738,77.1994,0.0132,4.978,19.7017,3.8259,21.9902,18.6853,0,0,16.4487,4.7323,19.4704
1/8/2020,AAPL,296.760485,299.377175,295.974483,298.422034,23965203,0.2523,0.4181,0.0478,55.9645,20.636,14.9263,12.6688,0.0405,24.697225,0.1906,5.247078,0.0703,14.229989,0.0508,19.673348,0.0431,23.17905,0.0451,22.1729,2.0292,10.8661,3.08,13.022,0.0513,0.0617,24.697225,16.676683,0.6501,0.1738,77.1994,0.0132,4.978,19.7017,3.8259,21.9902,18.6853,0,0,16.4487,4.7323,19.4704
1/9/2020,AAPL,301.655586,302.89926,295.646154,295.735698,29112123,0.2523,0.4181,0.0478,55.9645,20.636,14.9263,12.6688,0.0405,24.697225,0.1906,5.247078,0.0703,14.229989,0.0508,19.673348,0.0431,23.17905,0.0451,22.1729,2.0292,10.8661,3.08,13.022,0.0513,0.0617,24.697225,16.676683,0.6501,0.1738,77.1994,0.0132,4.978,19.7017,3.8259,21.9902,18.6853,0,0,16.4487,4.7323,19.4704
1/10/2020,AAPL,308.142589,308.848995,304.650352,305.695038,38690842,0.2523,0.4181,0.0478,55.9645,20.636,14.9263,12.6688,0.0405,24.697225,0.1906,5.247078,0.0703,14.229989,0.0508,19.673348,0.0431,23.17905,0.0451,22.1729,2.0292,10.8661,3.08,13.022,0.0513,0.0617,24.697225,16.676683,0.6501,0.1738,77.1994,0.0132,4.978,19.7017,3.8259,21.9902,18.6853,0,0,16.4487,4.7323,19.4704
1/14/2020,AAPL,315.355897,315.46534,309.575301,310.112568,27653451,0.2523,0.4181,0.0478,55.9645,20.636,14.9263,12.6688,0.0405,24.697225,0.1906,5.247078,0.0703,14.229989,0.0508,19.673348,0.0431,23.17905,0.0451,22.1729,2.0292,10.8661,3.08,13.022,0.0513,0.0617,24.697225,16.676683,0.6501,0.1738,77.1994,0.0132,4.978,19.7017,3.8259,21.9902,18.6853,0,0,16.4487,4.7323,19.4704
1/15/2020,AAPL,311.107507,315.942911,310.172264,315.097213,36707651,0.2523,0.4181,0.0478,55.9645,20.636,14.9263,12.6688,0.0405,24.697225,0.1906,5.247078,0.0703,14.229989,0.0508,19.673348,0.0431,23.17905,0.0451,22.1729,2.0292,10.8661,3.08,13.022,0.0513,0.0617,24.697225,16.676683,0.6501,0.1738,77.1994,0.0132,4.978,19.7017,3.8259,21.9902,18.6853,0,0,16.4487,4.7323,19.4704
1/16/2020,AAPL,309.92353,313.903286,307.983398,310.261809,27801051,0.2523,0.4181,0.0478,55.9645,20.636,14.9263,12.6688,0.0405,24.697225,0.1906,5.247078,0.0703,14.229989,0.0508,19.673348,0.0431,23.17905,0.0451,22.1729,2.0292,10.8661,3.08,13.022,0.0513,0.0617,24.697225,16.676683,0.6501,0.1738,77.1994,0.0132,4.978,19.7017,3.8259,21.9902,18.6853,0,0,16.4487,4.7323,19.4704
1/17/2020,AAPL,313.734146,314.102274,310.510544,312.032801,23724117,0.2523,0.4181,0.0478,55.9645,20.636,14.9263,12.6688,0.0405,24.697225,0.1906,5.247078,0.0703,14.229989,0.0508,19.673348,0.0431,23.17905,0.0451,22.1729,2.0292,10.8661,3.08,13.022,0.0513,0.0617,24.697225,16.676683,0.6501,0.1738,77.1994,0.0132,4.978,19.7017,3.8259,21.9902,18.6853,0,0,16.4487,4.7323,19.4704
1/22/2020,AAPL,314.98777,317.405472,314.400756,315.495189,21936734,0.2523,0.4181,0.0478,55.9645,20.636,14.9263,12.6688,0.0405,24.697225,0.1906,5.247078,0.0703,14.229989,0.0508,19.673348,0.0431,23.17905,0.0451,22.1729,2.0292,10.8661,3.08,13.022,0.0513,0.0617,24.697225,16.676683,0.6501,0.1738,77.1994,0.0132,4.978,19.7017,3.8259,21.9902,18.6853,0,0,16.4487,4.7323,19.4704
1/23/2020,AAPL,316.092152,318.370563,315.714075,317.007496,22219585,0.2523,0.4181,0.0478,55.9645,20.636,14.9263,12.6688,0.0405,24.697225,0.1906,5.247078,0.0703,14.229989,0.0508,19.673348,0.0431,23.17905,0.0451,22.1729,2.0292,10.8661,3.08,13.022,0.0513,0.0617,24.697225,16.676683,0.6501,0.1738,77.1994,0.0132,4.978,19.7017,3.8259,21.9902,18.6853,0,0,16.4487,4.7323,19.4704
1/24/2020,AAPL,317.674105,317.942739,314.052527,316.251342,20444483,0.2523,0.4181,0.0478,55.9645,20.636,14.9263,12.6688,0.0405,24.697225,0.1906,5.247078,0.0703,14.229989,0.0508,19.673348,0.0431,23.17905,0.0451,22.1729,2.0292,10.8661,3.08,13.022,0.0513,0.0617,24.697225,16.676683,0.6501,0.1738,77.1994,0.0132,4.978,19.7017,3.8259,21.9902,18.6853,0,0,16.4487,4.7323,19.4704
1/28/2020,AAPL,307.396384,311.747552,303.337033,308.490817,35243856,0.2523,0.4181,0.0478,55.9645,20.636,14.9263,12.6688,0.0405,24.697225,0.1906,5.247078,0.0703,14.229989,0.0508,19.673348,0.0431,23.17905,0.0451,22.1729,2.0292,10.8661,3.08,13.022,0.0513,0.0617,24.697225,16.676683,0.6501,0.1738,77.1994,0.0132,4.978,19.7017,3.8259,21.9902,18.6853,0,0,16.4487,4.7323,19.4704
1/29/2020,AAPL,316.082203,316.788609,310.610038,310.799076,30343205,0.2523,0.4181,0.0478,55.9645,20.636,14.9263,12.6688,0.0405,24.697225,0.1906,5.247078,0.0703,14.229989,0.0508,19.673348,0.0431,23.17905,0.0451,22.1729,2.0292,10.8661,3.08,13.022,0.0513,0.0617,24.697225,16.676683,0.6501,0.1738,77.1994,0.0132,4.978,19.7017,3.8259,21.9902,18.6853,0,0,16.4487,4.7323,19.4704
1/30/2020,AAPL,322.678649,326.190784,319.763477,322.877637,49819131,0.2523,0.4181,0.0478,55.9645,20.636,14.9263,12.6688,0.0405,24.697225,0.1906,5.247078,0.0703,14.229989,0.0508,19.673348,0.0431,23.17905,0.0451,22.1729,2.0292,10.8661,3.08,13.022,0.0513,0.0617,24.697225,16.676683,0.6501,0.1738,77.1994,0.0132,4.978,19.7017,3.8259,21.9902,18.6853,0,0,16.4487,4.7323,19.4704
1/31/2020,AAPL,322.250825,322.439864,317.136838,319.027222,29029790,0.2394,0.4219,0.0494,58.5836,20.462,16.0239,14.0001,0.041,24.370866,0.1893,5.283223,0.0661,15.1261,0.0518,19.315581,0.0452,22.107689,0.0443,22.5734,1.814,10.4015,3.08,13.9573,0.0576,0.0674,24.370866,17.000395,0.6706,0.1763,77.847,0.0132,5.0634,20.006,3.9792,21.1878,19.031,0,0,16.4869,4.7575,19.1601
2/4/2020,AAPL,307.14765,311.903458,300.680545,302.740069,39930954,0.2394,0.4219,0.0494,58.5836,20.462,16.0239,14.0001,0.041,24.370866,0.1893,5.283223,0.0661,15.1261,0.0518,19.315581,0.0452,22.107689,0.0443,22.5734,1.814,10.4015,3.08,13.9573,0.0576,0.0674,24.370866,17.000395,0.6706,0.1763,77.847,0.0132,5.0634,20.006,3.9792,21.1878,19.031,0,0,16.4869,4.7575,19.1601
2/5/2020,AAPL,317.246281,318.022334,312.052699,313.793843,30593003,0.2394,0.4219,0.0494,58.5836,20.462,16.0239,14.0001,0.041,24.370866,0.1893,5.283223,0.0661,15.1261,0.0518,19.315581,0.0452,22.107689,0.0443,22.5734,1.814,10.4015,3.08,13.9573,0.0576,0.0674,24.370866,17.000395,0.6706,0.1763,77.847,0.0132,5.0634,20.006,3.9792,21.1878,19.031,0,0,16.4869,4.7575,19.1601
2/6/2020,AAPL,319.952516,323.106473,317.335826,321.872748,26723098,0.2394,0.4219,0.0494,58.5836,20.462,16.0239,14.0001,0.041,24.370866,0.1893,5.283223,0.0661,15.1261,0.0518,19.315581,0.0452,22.107689,0.0443,22.5734,1.814,10.4015,3.08,13.9573,0.0576,0.0674,24.370866,17.000395,0.6706,0.1763,77.847,0.0132,5.0634,20.006,3.9792,21.1878,19.031,0,0,16.4869,4.7575,19.1601
2/7/2020,AAPL,323.564145,323.574094,318.669044,320.86786,23089359,0.2394,0.4219,0.0494,58.5836,20.462,16.0239,14.0001,0.041,24.370866,0.1893,5.283223,0.0661,15.1261,0.0518,19.315581,0.0452,22.107689,0.0443,22.5734,1.814,10.4015,3.08,13.9573,0.0576,0.0674,24.370866,17.000395,0.6706,0.1763,77.847,0.0132,5.0634,20.006,3.9792,21.1878,19.031,0,0,16.4869,4.7575,19.1601
2/11/2020,AAPL,320.681944,320.681944,313.002731,313.33184,23275815,0.2394,0.4219,0.0494,58.5836,20.462,16.0239,14.0001,0.041,24.370866,0.1893,5.283223,0.0661,15.1261,0.0518,19.315581,0.0452,22.107689,0.0443,22.5734,1.814,10.4015,3.08,13.9573,0.0576,0.0674,24.370866,17.000395,0.6706,0.1763,77.847,0.0132,5.0634,20.006,3.9792,21.1878,19.031,0,0,16.4869,4.7575,19.1601
2/12/2020,AAPL,318.747181,323.0256,317.859583,322.556868,21104150,0.2394,0.4219,0.0494,58.5836,20.462,16.0239,14.0001,0.041,24.370866,0.1893,5.283223,0.0661,15.1261,0.0518,19.315581,0.0452,22.107689,0.0443,22.5734,1.814,10.4015,3.08,13.9573,0.0576,0.0674,24.370866,17.000395,0.6706,0.1763,77.847,0.0132,5.0634,20.006,3.9792,21.1878,19.031,0,0,16.4869,4.7575,19.1601
2/13/2020,AAPL,326.326664,326.326664,320.60216,320.681944,24109764,0.2394,0.4219,0.0494,58.5836,20.462,16.0239,14.0001,0.041,24.370866,0.1893,5.283223,0.0661,15.1261,0.0518,19.315581,0.0452,22.107689,0.0443,22.5734,1.814,10.4015,3.08,13.9573,0.0576,0.0674,24.370866,17.000395,0.6706,0.1763,77.847,0.0132,5.0634,20.006,3.9792,21.1878,19.031,0,0,16.4869,4.7575,19.1601
2/14/2020,AAPL,324.032873,325.329363,322.477084,323.374655,20746087,0.2394,0.4219,0.0494,58.5836,20.462,16.0239,14.0001,0.041,24.370866,0.1893,5.283223,0.0661,15.1261,0.0518,19.315581,0.0452,22.107689,0.0443,22.5734,1.814,10.4015,3.08,13.9573,0.0576,0.0674,24.370866,17.000395,0.6706,0.1763,77.847,0.0132,5.0634,20.006,3.9792,21.1878,19.031,0,0,16.4869,4.7575,19.1601
2/19/2020,AAPL,318.138828,318.886803,313.760679,314.498681,33112860,0.2394,0.4219,0.0494,58.5836,20.462,16.0239,14.0001,0.041,24.370866,0.1893,5.283223,0.0661,15.1261,0.0518,19.315581,0.0452,22.107689,0.0443,22.5734,1.814,10.4015,3.08,13.9573,0.0576,0.0674,24.370866,17.000395,0.6706,0.1763,77.847,0.0132,5.0634,20.006,3.9792,21.1878,19.031,0,0,16.4869,4.7575,19.1601
2/20/2020,AAPL,322.746355,323.693791,319.136128,319.166047,19694388,0.2394,0.4219,0.0494,58.5836,20.462,16.0239,14.0001,0.041,24.370866,0.1893,5.283223,0.0661,15.1261,0.0518,19.315581,0.0452,22.107689,0.0443,22.5734,1.814,10.4015,3.08,13.9573,0.0576,0.0674,24.370866,17.000395,0.6706,0.1763,77.847,0.0132,5.0634,20.006,3.9792,21.1878,19.031,0,0,16.4869,4.7575,19.1601
2/21/2020,AAPL,319.435318,323.773575,317.35096,321.69919,22602229,0.2394,0.4219,0.0494,58.5836,20.462,16.0239,14.0001,0.041,24.370866,0.1893,5.283223,0.0661,15.1261,0.0518,19.315581,0.0452,22.107689,0.0443,22.5734,1.814,10.4015,3.08,13.9573,0.0576,0.0674,24.370866,17.000395,0.6706,0.1763,77.847,0.0132,5.0634,20.006,3.9792,21.1878,19.031,0,0,16.4869,4.7575,19.1601
2/25/2020,AAPL,297.36506,303.298998,288.439222,296.46749,48140244,0.2394,0.4219,0.0494,58.5836,20.462,16.0239,14.0001,0.041,24.370866,0.1893,5.283223,0.0661,15.1261,0.0518,19.315581,0.0452,22.107689,0.0443,22.5734,1.814,10.4015,3.08,13.9573,0.0576,0.0674,24.370866,17.000395,0.6706,0.1763,77.847,0.0132,5.0634,20.006,3.9792,21.1878,19.031,0,0,16.4869,4.7575,19.1601
2/26/2020,AAPL,287.302299,301.703317,285.357563,300.18742,52222783,0.2394,0.4219,0.0494,58.5836,20.462,16.0239,14.0001,0.041,24.370866,0.1893,5.283223,0.0661,15.1261,0.0518,19.315581,0.0452,22.107689,0.0443,22.5734,1.814,10.4015,3.08,13.9573,0.0576,0.0674,24.370866,17.000395,0.6706,0.1763,77.847,0.0132,5.0634,20.006,3.9792,21.1878,19.031,0,0,16.4869,4.7575,19.1601
2/27/2020,AAPL,291.849989,297.06587,285.726565,285.886133,45550619,0.2394,0.4219,0.0494,58.5836,20.462,16.0239,14.0001,0.041,24.370866,0.1893,5.283223,0.0661,15.1261,0.0518,19.315581,0.0452,22.107689,0.0443,22.5734,1.814,10.4015,3.08,13.9573,0.0576,0.0674,24.370866,17.000395,0.6706,0.1763,77.847,0.0132,5.0634,20.006,3.9792,21.1878,19.031,0,0,16.4869,4.7575,19.1601
2/28/2020,AAPL,272.302901,285.227914,272.223117,280.341142,71642265,0.2394,0.4219,0.0559,58.5836,20.462,16.0239,14.0001,0.0465,21.524409,0.2143,4.666155,0.0749,13.359409,0.0586,17.059569,0.0512,19.525566,0.0486,20.5761,1.656,9.8354,3.08,13.9573,0.0652,0.0765,21.524409,15.014791,0.6487,0.1705,77.847,0.0132,4.4725,17.6713,3.5148,18.7152,16.81,0,0,14.681,4.2473,17.0755
2/29/2020,AAPL,273.838744,277.668377,255.677904,256.575474,94721292,0.2394,0.4219,0.0559,58.5836,20.462,16.0239,14.0001,0.0465,21.524409,0.2143,4.666155,0.0749,13.359409,0.0586,17.059569,0.0512,19.525566,0.0486,20.5761,1.656,9.8354,3.08,13.9573,0.0652,0.0765,21.524409,15.014791,0.6487,0.1705,77.847,0.0132,4.4725,17.6713,3.5148,18.7152,16.81,0,0,14.681,4.2473,17.0755
3/3/2020,AAPL,298.013306,300.626233,276.970267,281.517957,77847371,0.2394,0.4219,0.0559,58.5836,20.462,16.0239,14.0001,0.0465,21.524409,0.2143,4.666155,0.0749,13.359409,0.0586,17.059569,0.0512,19.525566,0.0486,20.5761,1.656,9.8354,3.08,13.9573,0.0652,0.0765,21.524409,15.014791,0.6487,0.1705,77.847,0.0132,4.4725,17.6713,3.5148,18.7152,16.81,0,0,14.681,4.2473,17.0755
3/4/2020,AAPL,288.528979,303.179322,285.028454,302.850212,73194936,0.2394,0.4219,0.0559,58.5836,20.462,16.0239,14.0001,0.0465,21.524409,0.2143,4.666155,0.0749,13.359409,0.0586,17.059569,0.0512,19.525566,0.0486,20.5761,1.656,9.8354,3.08,13.9573,0.0652,0.0765,21.524409,15.014791,0.6487,0.1705,77.847,0.0132,4.4725,17.6713,3.5148,18.7152,16.81,0,0,14.681,4.2473,17.0755
3/5/2020,AAPL,301.942669,302.580941,292.338666,295.709542,49439350,0.2394,0.4219,0.0559,58.5836,20.462,16.0239,14.0001,0.0465,21.524409,0.2143,4.666155,0.0749,13.359409,0.0586,17.059569,0.0512,19.525566,0.0486,20.5761,1.656,9.8354,3.08,13.9573,0.0652,0.0765,21.524409,15.014791,0.6487,0.1705,77.847,0.0132,4.4725,17.6713,3.5148,18.7152,16.81,0,0,14.681,4.2473,17.0755
3/6/2020,AAPL,292.129233,298.751308,290.633283,294.811971,41600801,0.2394,0.4219,0.0559,58.5836,20.462,16.0239,14.0001,0.0465,21.524409,0.2143,4.666155,0.0749,13.359409,0.0586,17.059569,0.0512,19.525566,0.0486,20.5761,1.656,9.8354,3.08,13.9573,0.0652,0.0765,21.524409,15.014791,0.6487,0.1705,77.847,0.0132,4.4725,17.6713,3.5148,18.7152,16.81,0,0,14.681,4.2473,17.0755
3/10/2020,AAPL,265.371663,277.339268,262.290005,263.008061,64654502,0.2394,0.4219,0.0559,58.5836,20.462,16.0239,14.0001,0.0465,21.524409,0.2143,4.666155,0.0749,13.359409,0.0586,17.059569,0.0512,19.525566,0.0486,20.5761,1.656,9.8354,3.08,13.9573,0.0652,0.0765,21.524409,15.014791,0.6487,0.1705,77.847,0.0132,4.4725,17.6713,3.5148,18.7152,16.81,0,0,14.681,4.2473,17.0755
3/11/2020,AAPL,284.918751,285.666727,268.642809,276.38186,64838166,0.2394,0.4219,0.0559,58.5836,20.462,16.0239,14.0001,0.0465,21.524409,0.2143,4.666155,0.0749,13.359409,0.0586,17.059569,0.0512,19.525566,0.0486,20.5761,1.656,9.8354,3.08,13.9573,0.0652,0.0765,21.524409,15.014791,0.6487,0.1705,77.847,0.0132,4.4725,17.6713,3.5148,18.7152,16.81,0,0,14.681,4.2473,17.0755
3/12/2020,AAPL,274.5568,280.460818,271.126087,276.700996,57722055,0.2394,0.4219,0.0559,58.5836,20.462,16.0239,14.0001,0.0465,21.524409,0.2143,4.666155,0.0749,13.359409,0.0586,17.059569,0.0512,19.525566,0.0486,20.5761,1.656,9.8354,3.08,13.9573,0.0652,0.0765,21.524409,15.014791,0.6487,0.1705,77.847,0.0132,4.4725,17.6713,3.5148,18.7152,16.81,0,0,14.681,4.2473,17.0755
3/13/2020,AAPL,247.330499,269.271108,247.330499,255.348794,94841004,0.2394,0.4219,0.0559,58.5836,20.462,16.0239,14.0001,0.0465,21.524409,0.2143,4.666155,0.0749,13.359409,0.0586,17.059569,0.0512,19.525566,0.0486,20.5761,1.656,9.8354,3.08,13.9573,0.0652,0.0765,21.524409,15.014791,0.6487,0.1705,77.847,0.0132,4.4725,17.6713,3.5148,18.7152,16.81,0,0,14.681,4.2473,17.0755
3/17/2020,AAPL,240.818128,258.42048,239.352096,241.177156,72466132,0.2394,0.4219,0.0559,58.5836,20.462,16.0239,14.0001,0.0465,21.524409,0.2143,4.666155,0.0749,13.359409,0.0586,17.059569,0.0512,19.525566,0.0486,20.5761,1.656,9.8354,3.08,13.9573,0.0652,0.0765,21.524409,15.014791,0.6487,0.1705,77.847,0.0132,4.4725,17.6713,3.5148,18.7152,16.81,0,0,14.681,4.2473,17.0755
3/18/2020,AAPL,252.167406,257.303503,237.766388,246.821876,75021703,0.2394,0.4219,0.0559,58.5836,20.462,16.0239,14.0001,0.0465,21.524409,0.2143,4.666155,0.0749,13.359409,0.0586,17.059569,0.0512,19.525566,0.0486,20.5761,1.656,9.8354,3.08,13.9573,0.0652,0.0765,21.524409,15.014791,0.6487,0.1705,77.847,0.0132,4.4725,17.6713,3.5148,18.7152,16.81,0,0,14.681,4.2473,17.0755
3/19/2020,AAPL,248.3278,249.3251,236.479871,239.172582,67887476,0.2394,0.4219,0.0559,58.5836,20.462,16.0239,14.0001,0.0465,21.524409,0.2143,4.666155,0.0749,13.359409,0.0586,17.059569,0.0512,19.525566,0.0486,20.5761,1.656,9.8354,3.08,13.9573,0.0652,0.0765,21.524409,15.014791,0.6487,0.1705,77.847,0.0132,4.4725,17.6713,3.5148,18.7152,16.81,0,0,14.681,4.2473,17.0755
3/20/2020,AAPL,244.119192,252.157433,241.945077,246.752065,60899302,0.2394,0.4219,0.0559,58.5836,20.462,16.0239,14.0001,0.0465,21.524409,0.2143,4.666155,0.0749,13.359409,0.0586,17.059569,0.0512,19.525566,0.0486,20.5761,1.656,9.8354,3.08,13.9573,0.0652,0.0765,21.524409,15.014791,0.6487,0.1705,77.847,0.0132,4.4725,17.6713,3.5148,18.7152,16.81,0,0,14.681,4.2473,17.0755
3/24/2020,AAPL,222.836801,227.573978,212.036038,227.384491,76056987,0.2394,0.4219,0.0559,58.5836,20.462,16.0239,14.0001,0.0465,21.524409,0.2143,4.666155,0.0749,13.359409,0.0586,17.059569,0.0512,19.525566,0.0486,20.5761,1.656,9.8354,3.08,13.9573,0.0652,0.0765,21.524409,15.014791,0.6487,0.1705,77.847,0.0132,4.4725,17.6713,3.5148,18.7152,16.81,0,0,14.681,4.2473,17.0755
3/25/2020,AAPL,246.213523,247.021336,233.667484,236.130816,63201495,0.2394,0.4219,0.0559,58.5836,20.462,16.0239,14.0001,0.0465,21.524409,0.2143,4.666155,0.0749,13.359409,0.0586,17.059569,0.0512,19.525566,0.0486,20.5761,1.656,9.8354,3.08,13.9573,0.0652,0.0765,21.524409,15.014791,0.6487,0.1705,77.847,0.0132,4.4725,17.6713,3.5148,18.7152,16.81,0,0,14.681,4.2473,17.0755
3/26/2020,AAPL,244.797356,257.552828,243.640488,250.212697,67225672,0.2394,0.4219,0.0559,58.5836,20.462,16.0239,14.0001,0.0465,21.524409,0.2143,4.666155,0.0749,13.359409,0.0586,17.059569,0.0512,19.525566,0.0486,20.5761,1.656,9.8354,3.08,13.9573,0.0652,0.0765,21.524409,15.014791,0.6487,0.1705,77.847,0.0132,4.4725,17.6713,3.5148,18.7152,16.81,0,0,14.681,4.2473,17.0755
3/27/2020,AAPL,257.782207,257.981667,245.684954,245.864468,53911292,0.2394,0.4219,0.0559,58.5836,20.462,16.0239,14.0001,0.0465,21.524409,0.2143,4.666155,0.0749,13.359409,0.0586,17.059569,0.0512,19.525566,0.0486,20.5761,1.656,9.8354,3.08,13.9573,0.0652,0.0765,21.524409,15.014791,0.6487,0.1705,77.847,0.0132,4.4725,17.6713,3.5148,18.7152,16.81,0,0,14.681,4.2473,17.0755
3/28/2020,AAPL,246.951525,255.179253,246.383064,252.067676,45042326,0.2394,0.4219,0.0559,58.5836,20.462,16.0239,14.0001,0.0465,21.524409,0.2143,4.666155,0.0749,13.359409,0.0586,17.059569,0.0512,19.525566,0.0486,20.5761,1.656,9.8354,3.08,13.9573,0.0652,0.0765,21.524409,15.014791,0.6487,0.1705,77.847,0.0132,4.4725,17.6713,3.5148,18.7152,16.81,0,0,14.681,4.2473,17.0755
3/31/2020,AAPL,254.102169,254.830198,248.72672,250.063102,37164009,0.2394,0.4219,0.0608,58.5836,20.7057,16.0239,14.0001,0.0499,20.022835,0.2304,4.340637,0.0814,12.281184,0.063,15.869468,0.0551,18.163433,0.0509,19.6464,1.5803,9.5502,3.08,14.1235,0.071,0.0831,20.022835,13.967337,0.6324,0.1662,78.7741,0.0132,4.1119,16.2464,3.2314,17.2061,15.4546,0,0,13.6578,4.0536,15.8854
4/1/2020,AAPL,253.613492,261.781382,251.319701,254.909982,40698330,0.2394,0.4219,0.0608,58.5836,20.7057,16.0239,14.0001,0.0499,20.022835,0.2304,4.340637,0.0814,12.281184,0.063,15.869468,0.0551,18.163433,0.0509,19.6464,1.5803,9.5502,3.08,14.1235,0.071,0.0831,20.022835,13.967337,0.6324,0.1662,78.7741,0.0132,4.1119,16.2464,3.2314,17.2061,15.4546,0,0,13.6578,4.0536,15.8854
4/2/2020,AAPL,240.110044,248.048555,238.494418,245.954225,39268016,0.2394,0.4219,0.0608,58.5836,20.7057,16.0239,14.0001,0.0499,20.022835,0.2304,4.340637,0.0814,12.281184,0.063,15.869468,0.0551,18.163433,0.0509,19.6464,1.5803,9.5502,3.08,14.1235,0.071,0.0831,20.022835,13.967337,0.6324,0.1662,78.7741,0.0132,4.1119,16.2464,3.2314,17.2061,15.4546,0,0,13.6578,4.0536,15.8854
4/3/2020,AAPL,244.268787,244.488193,236.260465,239.551556,37571481,0.2394,0.4219,0.0608,58.5836,20.7057,16.0239,14.0001,0.0499,20.022835,0.2304,4.340637,0.0814,12.281184,0.063,15.869468,0.0551,18.163433,0.0509,19.6464,1.5803,9.5502,3.08,14.1235,0.071,0.0831,20.022835,13.967337,0.6324,0.1662,78.7741,0.0132,4.1119,16.2464,3.2314,17.2061,15.4546,0,0,13.6578,4.0536,15.8854
4/7/2020,AAPL,261.671679,262.399708,248.706774,250.192751,43306949,0.2394,0.4219,0.0608,58.5836,20.7057,16.0239,14.0001,0.0499,20.022835,0.2304,4.340637,0.0814,12.281184,0.063,15.869468,0.0551,18.163433,0.0509,19.6464,1.5803,9.5502,3.08,14.1235,0.071,0.0831,20.022835,13.967337,0.6324,0.1662,78.7741,0.0132,4.1119,16.2464,3.2314,17.2061,15.4546,0,0,13.6578,4.0536,15.8854
4/8/2020,AAPL,258.629913,270.966519,258.300804,270.068948,46201239,0.2394,0.4219,0.0608,58.5836,20.7057,16.0239,14.0001,0.0499,20.022835,0.2304,4.340637,0.0814,12.281184,0.063,15.869468,0.0551,18.163433,0.0509,19.6464,1.5803,9.5502,3.08,14.1235,0.071,0.0831,20.022835,13.967337,0.6324,0.1662,78.7741,0.0132,4.1119,16.2464,3.2314,17.2061,15.4546,0,0,13.6578,4.0536,15.8854
4/9/2020,AAPL,265.351717,266.658181,260.524783,262.030707,36325237,0.2394,0.4219,0.0608,58.5836,20.7057,16.0239,14.0001,0.0499,20.022835,0.2304,4.340637,0.0814,12.281184,0.063,15.869468,0.0551,18.163433,0.0509,19.6464,1.5803,9.5502,3.08,14.1235,0.071,0.0831,20.022835,13.967337,0.6324,0.1662,78.7741,0.0132,4.1119,16.2464,3.2314,17.2061,15.4546,0,0,13.6578,4.0536,15.8854
4/14/2020,AAPL,272.492388,272.961119,265.122338,267.58567,30189511,0.2394,0.4219,0.0608,58.5836,20.7057,16.0239,14.0001,0.0499,20.022835,0.2304,4.340637,0.0814,12.281184,0.063,15.869468,0.0551,18.163433,0.0509,19.6464,1.5803,9.5502,3.08,14.1235,0.071,0.0831,20.022835,13.967337,0.6324,0.1662,78.7741,0.0132,4.1119,16.2464,3.2314,17.2061,15.4546,0,0,13.6578,4.0536,15.8854
4/15/2020,AAPL,286.27508,288.419276,277.299376,279.264058,43427226,0.2394,0.4219,0.0608,58.5836,20.7057,16.0239,14.0001,0.0499,20.022835,0.2304,4.340637,0.0814,12.281184,0.063,15.869468,0.0551,18.163433,0.0509,19.6464,1.5803,9.5502,3.08,14.1235,0.071,0.0831,20.022835,13.967337,0.6324,0.1662,78.7741,0.0132,4.1119,16.2464,3.2314,17.2061,15.4546,0,0,13.6578,4.0536,15.8854
4/16/2020,AAPL,283.682099,285.57697,279.872411,281.587768,27473336,0.2394,0.4219,0.0608,58.5836,20.7057,16.0239,14.0001,0.0499,20.022835,0.2304,4.340637,0.0814,12.281184,0.063,15.869468,0.0551,18.163433,0.0509,19.6464,1.5803,9.5502,3.08,14.1235,0.071,0.0831,20.022835,13.967337,0.6324,0.1662,78.7741,0.0132,4.1119,16.2464,3.2314,17.2061,15.4546,0,0,13.6578,4.0536,15.8854
4/17/2020,AAPL,285.945971,287.421975,281.587768,286.564297,34543241,0.2394,0.4219,0.0608,58.5836,20.7057,16.0239,14.0001,0.0499,20.022835,0.2304,4.340637,0.0814,12.281184,0.063,15.869468,0.0551,18.163433,0.0509,19.6464,1.5803,9.5502,3.08,14.1235,0.071,0.0831,20.022835,13.967337,0.6324,0.1662,78.7741,0.0132,4.1119,16.2464,3.2314,17.2061,15.4546,0,0,13.6578,4.0536,15.8854
4/21/2020,AAPL,276.102616,280.909604,276.102616,277.010159,29046023,0.2394,0.4219,0.0608,58.5836,20.7057,16.0239,14.0001,0.0499,20.022835,0.2304,4.340637,0.0814,12.281184,0.063,15.869468,0.0551,18.163433,0.0509,19.6464,1.5803,9.5502,3.08,14.1235,0.071,0.0831,20.022835,13.967337,0.6324,0.1662,78.7741,0.0132,4.1119,16.2464,3.2314,17.2061,15.4546,0,0,13.6578,4.0536,15.8854
4/22/2020,AAPL,267.635535,276.511509,264.713445,275.534155,40382147,0.2394,0.4219,0.0608,58.5836,20.7057,16.0239,14.0001,0.0499,20.022835,0.2304,4.340637,0.0814,12.281184,0.063,15.869468,0.0551,18.163433,0.0509,19.6464,1.5803,9.5502,3.08,14.1235,0.071,0.0831,20.022835,13.967337,0.6324,0.1662,78.7741,0.0132,4.1119,16.2464,3.2314,17.2061,15.4546,0,0,13.6578,4.0536,15.8854
4/23/2020,AAPL,275.35464,277.229565,271.445223,272.811524,25631290,0.2394,0.4219,0.0608,58.5836,20.7057,16.0239,14.0001,0.0499,20.022835,0.2304,4.340637,0.0814,12.281184,0.063,15.869468,0.0551,18.163433,0.0509,19.6464,1.5803,9.5502,3.08,14.1235,0.071,0.0831,20.022835,13.967337,0.6324,0.1662,78.7741,0.0132,4.1119,16.2464,3.2314,17.2061,15.4546,0,0,13.6578,4.0536,15.8854
4/24/2020,AAPL,274.127961,280.989388,274.127961,275.175126,27699161,0.2394,0.4219,0.0608,58.5836,20.7057,16.0239,14.0001,0.0499,20.022835,0.2304,4.340637,0.0814,12.281184,0.063,15.869468,0.0551,18.163433,0.0509,19.6464,1.5803,9.5502,3.08,14.1235,0.071,0.0831,20.022835,13.967337,0.6324,0.1662,78.7741,0.0132,4.1119,16.2464,3.2314,17.2061,15.4546,0,0,13.6578,4.0536,15.8854
4/28/2020,AAPL,282.400568,283.771856,279.194247,281.069172,26391165,0.2394,0.4219,0.0608,58.5836,20.7057,16.0239,14.0001,0.0499,20.022835,0.2304,4.340637,0.0814,12.281184,0.063,15.869468,0.0551,18.163433,0.0509,19.6464,1.5803,9.5502,3.08,14.1235,0.071,0.0831,20.022835,13.967337,0.6324,0.1662,78.7741,0.0132,4.1119,16.2464,3.2314,17.2061,15.4546,0,0,13.6578,4.0536,15.8854
4/29/2020,AAPL,277.817972,285.0484,277.448971,284.220641,24717953,0.2394,0.4219,0.0608,58.5836,20.7057,16.0239,14.0001,0.0499,20.022835,0.2304,4.340637,0.0814,12.281184,0.063,15.869468,0.0551,18.163433,0.0509,19.6464,1.5803,9.5502,3.08,14.1235,0.071,0.0831,20.022835,13.967337,0.6324,0.1662,78.7741,0.0132,4.1119,16.2464,3.2314,17.2061,15.4546,0,0,13.6578,4.0536,15.8854
4/30/2020,AAPL,287.052974,288.888007,283.123611,284.15083,28790591,0.2408,0.4219,0.0517,59.6141,18.0939,16.7672,14.8236,0.0435,22.971071,0.2029,4.928365,0.0616,16.237521,0.0571,17.522297,0.0505,19.819739,0.0405,24.6914,1.9836,10.9702,3.08,10.9957,0.0572,0.0677,22.971071,16.539864,0.5821,0.153,73.9214,0.0132,4.8096,19.211,4.0227,19.3422,18.9163,0,0,17.4677,4.8809,20.3775
5/1/2020,AAPL,293.036777,293.734887,287.57157,289.207143,34394896,0.2408,0.4219,0.0517,59.6141,18.0939,16.7672,14.8236,0.0435,22.971071,0.2029,4.928365,0.0616,16.237521,0.0571,17.522297,0.0505,19.819739,0.0405,24.6914,1.9836,10.9702,3.08,10.9957,0.0572,0.0677,22.971071,16.539864,0.5821,0.153,73.9214,0.0132,4.8096,19.211,4.0227,19.3422,18.9163,0,0,17.4677,4.8809,20.3775
5/5/2020,AAPL,292.378558,292.897154,285.537078,288.389357,31073643,0.2408,0.4219,0.0517,59.6141,18.0939,16.7672,14.8236,0.0435,22.971071,0.2029,4.928365,0.0616,16.237521,0.0571,17.522297,0.0505,19.819739,0.0405,24.6914,1.9836,10.9702,3.08,10.9957,0.0572,0.0677,22.971071,16.539864,0.5821,0.153,73.9214,0.0132,4.8096,19.211,4.0227,19.3422,18.9163,0,0,17.4677,4.8809,20.3775
5/6/2020,AAPL,296.96614,300.18742,293.665076,294.253483,34510280,0.2408,0.4219,0.0517,59.6141,18.0939,16.7672,14.8236,0.0435,22.971071,0.2029,4.928365,0.0616,16.237521,0.0571,17.522297,0.0505,19.819739,0.0405,24.6914,1.9836,10.9702,3.08,10.9957,0.0572,0.0677,22.971071,16.539864,0.5821,0.153,73.9214,0.0132,4.8096,19.211,4.0227,19.3422,18.9163,0,0,17.4677,4.8809,20.3775
5/7/2020,AAPL,299.68877,302.421373,298.063171,299.748608,33185529,0.2408,0.4219,0.0517,59.6141,18.0939,16.7672,14.8236,0.0435,22.971071,0.2029,4.928365,0.0616,16.237521,0.0571,17.522297,0.0505,19.819739,0.0405,24.6914,1.9836,10.9702,3.08,10.9957,0.0572,0.0677,22.971071,16.539864,0.5821,0.153,73.9214,0.0132,4.8096,19.211,4.0227,19.3422,18.9163,0,0,17.4677,4.8809,20.3775
5/8/2020,AAPL,302.929996,304.346163,301.154802,302.381481,26114770,0.2408,0.4219,0.0517,59.6141,18.0939,16.7672,14.8236,0.0435,22.971071,0.2029,4.928365,0.0616,16.237521,0.0571,17.522297,0.0505,19.819739,0.0405,24.6914,1.9836,10.9702,3.08,10.9957,0.0572,0.0677,22.971071,16.539864,0.5821,0.153,73.9214,0.0132,4.8096,19.211,4.0227,19.3422,18.9163,0,0,17.4677,4.8809,20.3775
5/12/2020,AAPL,315.01,317.05,307.24,308.12,34261174,0.2408,0.4219,0.0517,59.6141,18.0939,16.7672,14.8236,0.0435,22.971071,0.2029,4.928365,0.0616,16.237521,0.0571,17.522297,0.0505,19.819739,0.0405,24.6914,1.9836,10.9702,3.08,10.9957,0.0572,0.0677,22.971071,16.539864,0.5821,0.153,73.9214,0.0132,4.8096,19.211,4.0227,19.3422,18.9163,0,0,17.4677,4.8809,20.3775
5/13/2020,AAPL,311.34,319.69,310.89,317.92,36450094,0.2408,0.4219,0.0517,59.6141,18.0939,16.7672,14.8236,0.0435,22.971071,0.2029,4.928365,0.0616,16.237521,0.0571,17.522297,0.0505,19.819739,0.0405,24.6914,1.9836,10.9702,3.08,10.9957,0.0572,0.0677,22.971071,16.539864,0.5821,0.153,73.9214,0.0132,4.8096,19.211,4.0227,19.3422,18.9163,0,0,17.4677,4.8809,20.3775
5/14/2020,AAPL,307.68,315.95,303.2,312.13,46922928,0.2408,0.4219,0.0517,59.6141,18.0939,16.7672,14.8236,0.0435,22.971071,0.2029,4.928365,0.0616,16.237521,0.0571,17.522297,0.0505,19.819739,0.0405,24.6914,1.9836,10.9702,3.08,10.9957,0.0572,0.0677,22.971071,16.539864,0.5821,0.153,73.9214,0.0132,4.8096,19.211,4.0227,19.3422,18.9163,0,0,17.4677,4.8809,20.3775
5/15/2020,AAPL,309.7,309.79,301.53,304.66,36292654,0.2408,0.4219,0.0517,59.6141,18.0939,16.7672,14.8236,0.0435,22.971071,0.2029,4.928365,0.0616,16.237521,0.0571,17.522297,0.0505,19.819739,0.0405,24.6914,1.9836,10.9702,3.08,10.9957,0.0572,0.0677,22.971071,16.539864,0.5821,0.153,73.9214,0.0132,4.8096,19.211,4.0227,19.3422,18.9163,0,0,17.4677,4.8809,20.3775
5/19/2020,AAPL,314.89,316.68,310.33,313.16,29442486,0.2408,0.4219,0.0517,59.6141,18.0939,16.7672,14.8236,0.0435,22.971071,0.2029,4.928365,0.0616,16.237521,0.0571,17.522297,0.0505,19.819739,0.0405,24.6914,1.9836,10.9702,3.08,10.9957,0.0572,0.0677,22.971071,16.539864,0.5821,0.153,73.9214,0.0132,4.8096,19.211,4.0227,19.3422,18.9163,0,0,17.4677,4.8809,20.3775
5/20/2020,AAPL,313.01,318.52,313.01,315.03,23476907,0.2408,0.4219,0.0517,59.6141,18.0939,16.7672,14.8236,0.0435,22.971071,0.2029,4.928365,0.0616,16.237521,0.0571,17.522297,0.0505,19.819739,0.0405,24.6914,1.9836,10.9702,3.08,10.9957,0.0572,0.0677,22.971071,16.539864,0.5821,0.153,73.9214,0.0132,4.8096,19.211,4.0227,19.3422,18.9163,0,0,17.4677,4.8809,20.3775
5/21/2020,AAPL,319.16,319.52,316.18,316.69,25002058,0.2408,0.4219,0.0517,59.6141,18.0939,16.7672,14.8236,0.0435,22.971071,0.2029,4.928365,0.0616,16.237521,0.0571,17.522297,0.0505,19.819739,0.0405,24.6914,1.9836,10.9702,3.08,10.9957,0.0572,0.0677,22.971071,16.539864,0.5821,0.153,73.9214,0.0132,4.8096,19.211,4.0227,19.3422,18.9163,0,0,17.4677,4.8809,20.3775
5/22/2020,AAPL,316.94,320.89,315.87,318.82,23295783,0.2408,0.4219,0.0517,59.6141,18.0939,16.7672,14.8236,0.0435,22.971071,0.2029,4.928365,0.0616,16.237521,0.0571,17.522297,0.0505,19.819739,0.0405,24.6914,1.9836,10.9702,3.08,10.9957,0.0572,0.0677,22.971071,16.539864,0.5821,0.153,73.9214,0.0132,4.8096,19.211,4.0227,19.3422,18.9163,0,0,17.4677,4.8809,20.3775
5/27/2020,AAPL,316.84,324.24,316.5,323.47,27643791,0.2408,0.4219,0.0517,59.6141,18.0939,16.7672,14.8236,0.0435,22.971071,0.2029,4.928365,0.0616,16.237521,0.0571,17.522297,0.0505,19.819739,0.0405,24.6914,1.9836,10.9702,3.08,10.9957,0.0572,0.0677,22.971071,16.539864,0.5821,0.153,73.9214,0.0132,4.8096,19.211,4.0227,19.3422,18.9163,0,0,17.4677,4.8809,20.3775
5/28/2020,AAPL,318.13,318.71,313.1,315.94,24984938,0.2408,0.4219,0.0517,59.6141,18.0939,16.7672,14.8236,0.0435,22.971071,0.2029,4.928365,0.0616,16.237521,0.0571,17.522297,0.0505,19.819739,0.0405,24.6914,1.9836,10.9702,3.08,10.9957,0.0572,0.0677,22.971071,16.539864,0.5821,0.153,73.9214,0.0132,4.8096,19.211,4.0227,19.3422,18.9163,0,0,17.4677,4.8809,20.3775
5/29/2020,AAPL,318.2,323.44,315.65,316.6,29097094,0.2408,0.4714,0.0498,59.6141,18.0939,16.7672,14.8236,0.0402,24.858483,0.1875,5.333303,0.0569,17.571673,0.0527,18.962012,0.0466,21.448223,0.0373,26.8097,2.2256,11.6788,3.28,10.9957,0.0529,0.0627,24.858483,17.424671,0.6555,0.1604,73.9214,0.0479,5.2001,20.7705,4.3493,20.9123,19.8199,0,0,19.6399,5.3295,23.2375
6/2/2020,AAPL,321.76,322.35,317.21,317.79,18870530,0.2408,0.4714,0.049,59.6141,18.0939,16.7672,14.8236,0.0396,25.280688,0.1844,5.423885,0.056,17.870116,0.0519,19.28407,0.0458,21.812506,0.0464,21.5517,1.7884,10.2499,3.28,10.9957,0.052,0.0617,25.280688,17.720617,0.8296,0.2031,73.9214,0.0479,5.2874,21.1194,4.4223,21.2636,20.1528,0,14.901106,17.4418,4.8794,20.733
6/3/2020,AAPL,323.41,323.44,318.92,320.71,19077008,0.2408,0.4714,0.0487,59.6141,18.0939,16.7672,14.8236,0.0393,25.419859,0.1834,5.453744,0.0557,17.968492,0.0516,19.390229,0.0456,21.932585,0.0462,21.645,1.7983,10.2848,3.28,10.9957,0.0517,0.0613,25.419859,17.81817,0.8296,0.2031,73.9214,0.0479,5.3162,21.2344,4.4464,21.3794,20.2625,0,14.983137,17.5367,4.9059,20.8458
6/4/2020,AAPL,325.1,326.2,322.3,324.66,23055229,0.2408,0.4714,0.0491,59.6141,18.0939,16.7672,14.8236,0.0397,25.200938,0.185,5.406775,0.0561,17.813744,0.052,19.223237,0.046,21.743697,0.0466,21.4592,1.7872,10.2405,3.28,10.9957,0.0522,0.0619,25.200938,17.664716,0.8296,0.2031,73.9214,0.0479,5.2709,21.0535,4.4085,21.1972,20.0899,0,14.854099,17.3873,4.8917,20.6683
6/5/2020,AAPL,322.32,325.62,320.76,324.61,19506613,0.2408,0.4714,0.0478,59.6141,18.0939,16.7672,14.8236,0.0386,25.918686,0.1798,5.560766,0.0546,18.321097,0.0506,19.770734,0.0447,22.36298,0.0453,22.0751,1.8381,10.4196,3.28,10.9957,0.0507,0.0601,25.918686,18.167825,0.8296,0.2031,73.9214,0.0479,5.4194,21.6465,4.5327,21.7943,20.6558,0,15.277159,17.8771,5.0295,21.2505
6/9/2020,AAPL,333.55,333.6,327.34,330.25,21078546,0.2408,0.4714,0.0461,59.6141,18.0939,16.7672,14.8236,0.0372,26.895231,0.1733,5.77028,0.0526,19.011385,0.0487,20.51564,0.0431,23.205555,0.0436,22.9358,1.9074,10.6575,3.28,10.9957,0.0489,0.058,26.895231,18.852338,0.8296,0.2031,73.9214,0.0479,5.6214,22.4534,4.7017,22.6068,21.4258,0,15.85276,18.1671,5.217,21.5279
6/10/2020,AAPL,343.82,345.6,332.01,332.1,33576138,0.2408,0.4714,0.0449,59.6141,18.0939,16.7672,14.8236,0.0362,27.587177,0.169,5.918735,0.0513,19.500501,0.0475,21.043456,0.042,23.802575,0.0425,23.5294,1.9565,10.8223,3.28,10.9957,0.0476,0.0565,27.587177,19.337362,0.8296,0.2031,73.9214,0.0479,5.7645,23.0252,4.8214,23.1824,21.9713,0,16.260611,18.6297,5.3499,22.0761
6/11/2020,AAPL,352.84,354.77,346.1,347.95,38551626,0.2408,0.4714,0.0472,59.6141,18.0939,16.7672,14.8236,0.0381,26.262705,0.1775,5.634574,0.0539,18.564273,0.0499,20.033151,0.0441,22.659804,0.0447,22.3714,1.8625,10.5042,3.28,10.9957,0.05,0.0593,26.262705,18.408967,0.8296,0.2031,73.9214,0.0479,5.4905,21.9308,4.5923,22.0805,20.927,0,15.479932,17.7442,5.0956,21.0268
6/12/2020,AAPL,335.79,351.06,335.48,349.27,44763233,0.2408,0.4714,0.0468,59.6141,18.0939,16.7672,14.8236,0.0378,26.489445,0.176,5.68322,0.0534,18.724548,0.0495,20.206107,0.0438,22.855438,0.0443,22.5734,1.8786,10.5595,3.28,10.9957,0.0496,0.0588,26.489445,18.567901,0.8296,0.2031,73.9214,0.0479,5.5374,22.1181,4.6315,22.2692,21.1058,0,15.613579,17.8958,5.1391,21.2064
6/16/2020,AAPL,342.99,345.75,332.57,333.1,31389773,0.2408,0.4714,0.045,59.6141,18.0939,16.7672,14.8236,0.0363,27.527756,0.1693,5.905986,0.0514,19.458498,0.0476,20.99813,0.0421,23.751306,0.0426,23.4742,1.9523,10.8083,3.28,10.9957,0.0477,0.0566,27.527756,19.29571,0.8296,0.2031,73.9214,0.0479,5.7522,22.9761,4.8111,23.133,21.9245,0,16.225587,18.59,5.3385,22.029
6/17/2020,AAPL,352.26,353.2,344.7,351.42,37331433,0.2408,0.4714,0.0451,59.6141,18.0939,16.7672,14.8236,0.0364,27.489445,0.1696,5.897766,0.0515,19.431417,0.0477,20.968906,0.0422,23.718251,0.0427,23.4192,1.9495,10.7992,3.28,10.9957,0.0478,0.0567,27.489445,19.268856,0.8296,0.2031,73.9214,0.0479,5.7443,22.9444,4.8045,23.1011,21.8943,0,16.203005,18.5643,5.3311,21.9987
6/18/2020,AAPL,351.24,355.5,351.09,355.16,25513373,0.2408,0.4714,0.0451,59.6141,18.0939,16.7672,14.8236,0.0364,27.500391,0.1695,5.900115,0.0514,19.439154,0.0477,20.977256,0.0421,23.727695,0.0427,23.4192,1.9503,10.8018,3.28,10.9957,0.0478,0.0567,27.500391,19.276528,0.8296,0.2031,73.9214,0.0479,5.7466,22.9535,4.8064,23.1102,21.9029,0,16.209457,18.5717,5.3332,22.0073
6/19/2020,AAPL,351.59,353.45,349.22,351.49,21593628,0.2408,0.4714,0.0453,59.6141,18.0939,16.7672,14.8236,0.0366,27.343237,0.1705,5.866398,0.0517,19.328067,0.0479,20.857379,0.0424,23.5921,0.0429,23.31,1.9392,10.7646,3.28,10.9957,0.0481,0.0571,27.343237,19.16637,0.8296,0.2031,73.9214,0.0479,5.7141,22.8236,4.7792,22.9795,21.779,0,16.116826,18.4666,5.303,21.8828
6/23/2020,AAPL,358.94,359.48,351.15,351.41,30614255,0.2408,0.4714,0.0433,59.6141,18.0939,16.7672,14.8236,0.0349,28.657545,0.1626,6.148378,0.0494,20.257109,0.0457,21.859931,0.0404,24.726102,0.041,24.3902,2.0324,11.0713,3.28,10.9957,0.0459,0.0544,28.657545,20.087641,0.8296,0.2031,73.9214,0.0479,5.9859,23.9096,5.0066,24.0729,22.8153,0,16.891514,19.3453,5.5554,22.9241
6/24/2020,AAPL,366.35,372.39,362.27,363.99,49861628,0.2408,0.4714,0.044,59.6141,18.0939,16.7672,14.8236,0.0355,28.151681,0.1656,6.039847,0.0503,19.89953,0.0466,21.474059,0.0412,24.289636,0.0417,23.9808,1.9965,10.9545,3.28,10.9957,0.0467,0.0554,28.151681,19.733053,0.8296,0.2031,73.9214,0.0479,5.8813,23.4916,4.9191,23.652,22.4164,0,16.593345,19.0071,5.4582,22.5233
6/25/2020,AAPL,360.06,368.79,358.52,365.06,44778658,0.2408,0.4714,0.0434,59.6141,18.0939,16.7672,14.8236,0.0351,28.52541,0.1634,6.120029,0.0496,20.163708,0.046,21.759139,0.0406,24.612095,0.0411,24.3309,2.023,11.041,3.28,10.9957,0.0461,0.0547,28.52541,19.995021,0.8296,0.2031,73.9214,0.0479,5.9586,23.8004,4.9838,23.9629,22.7111,0,16.813631,19.2569,5.53,22.8194
